Workbook

Sheet Summary
A1: DemoBlaze — Login & Cart Test Case Suite
A2: Application under test: https://www.demoblaze.com/
A3: Scope: Login (incl. registration as a dependency) and Cart / Checkout
A4: Generated from scripts/test_case_data.py — regenerate with: python3 scripts/generate_test_cases.py
A6: Coverage
A7: Metric | B7: Login | C7: Cart | D7: Total | E7: Notes
A8: Total test cases | B8: =COUNTA('Login Test Cases'!$A$2:$A$45) | C8: =COUNTA('Cart Test Cases'!$A$2:$A$64) | D8: =B8+C8 | E8: 44 Login + 50 Cart.
A9: Functional | B9: =COUNTIF('Login Test Cases'!$E$2:$E$45,"Functional") | C9: =COUNTIF('Cart Test Cases'!$E$2:$E$64,"Functional") | D9: =B9+C9
A10: Negative | B10: =COUNTIF('Login Test Cases'!$E$2:$E$45,"Negative") | C10: =COUNTIF('Cart Test Cases'!$E$2:$E$64,"Negative") | D10: =B10+C10
A11: Edge case | B11: =COUNTIF('Login Test Cases'!$E$2:$E$45,"Edge case") | C11: =COUNTIF('Cart Test Cases'!$E$2:$E$64,"Edge case") | D11: =B11+C11
A12: Security | B12: =COUNTIF('Login Test Cases'!$E$2:$E$45,"Security") | C12: =COUNTIF('Cart Test Cases'!$E$2:$E$64,"Security") | D12: =B12+C12
A13: UI | B13: =COUNTIF('Login Test Cases'!$E$2:$E$45,"UI") | C13: =COUNTIF('Cart Test Cases'!$E$2:$E$64,"UI") | D13: =B13+C13
A14: P0 — blocks release | B14: =COUNTIF('Login Test Cases'!$F$2:$F$45,"P0") | C14: =COUNTIF('Cart Test Cases'!$F$2:$F$64,"P0") | D14: =B14+C14 | E14: Login, add to cart, checkout, cross-account cart isolation.
A15: Automated | B15: =COUNTIF('Login Test Cases'!$P$2:$P$45,"Yes") | C15: =COUNTIF('Cart Test Cases'!$P$2:$P$64,"Yes") | D15: =B15+C15 | E15: Covered by the Playwright suite in this repository.
A16: Manual / exploratory | B16: =COUNTIF('Login Test Cases'!$P$2:$P$45,"No") | C16: =COUNTIF('Cart Test Cases'!$P$2:$P$64,"No") | D16: =B16+C16 | E16: Deliberately not automated: browser chrome (Escape, backdrop, browser Back), network-fault injection, and security probes needing a controlled environment.
A17: Automation coverage | D17: =IF(D8=0,0,D15/D8) | E17: Share of documented cases with an executable check. P0 coverage is what gates a release, not this number.
A19: Defects raised
A20: Severity | B20: Count | E20: Notes
A21: Total logged | B21: =COUNTA(Defects!$A$2:$A$19) | E21: Full detail, with verification method, on the Defects tab.
A22: High severity | B22: =COUNTIF(Defects!$C$2:$C$19,"High") | E22: Empty-cart checkout, no login rate limiting, unmasked card number, confirmation shown before the server confirms, HTTP 500 on empty username.
A23: Medium severity | B23: =COUNTIF(Defects!$C$2:$C$19,"Medium") | E23: Receipt dated a month early, presence-only order validation, username enumeration, no password policy, silent login failure when the API is down.
A24: Low severity | B24: =COUNTIF(Defects!$C$2:$C$19,"Low") | E24: Anonymous cart discarded on login, duplicate DOM ids, trailing newline in a product title, inconsistent confirmation copy, Enter does not submit.
A27: How to read this workbook
A28: Column / tab | B28: Meaning
A29: Login Test Cases | B29: 44 cases: authentication, session handling, validation, security, boundaries.
A30: Cart Test Cases | B30: 50 cases: add-to-cart, cart management, persistence, isolation, checkout.
A31: Defects | B31: Every issue found in the application, cross-referenced to the case that exposes it.
A32: Type | B32: Functional = intended behaviour. Negative = invalid input rejected. Edge case = boundary or unusual-but-valid. Security / UI as labelled.
A33: Priority | B33: P0 = blocks release. P1 = important. P2 = lower risk.
A34: Automated | B34: Yes = an executable check exists. No = deliberately manual, for the reasons above.
A35: Actual Result / Status | B35: Execution columns, shipped empty and shaded. A tester fills them during a run; Status defaults to Not Run and is a dropdown (Pass / Fail / Blocked / N/A). Automated cases report through CI instead of here — a suite delivered with results nobody produced is a fiction.
A36: Executed By / On / Environment | B36: Who ran the cycle, when, and against which browser and build, so a result can be reproduced rather than taken on trust.
A37: Automation Reference | B37: The exact spec and test title that runs the case, so a reviewer can go from a row straight to running code.
A38: Expected Result | B38: Where the app is defective the row states BOTH the expected and the observed behaviour and names the defect. A case that records a bug as correct behaviour launders the defect into a requirement.

Sheet Login Test Cases
A1: Test Case ID | B1: Module | C1: Feature Area | D1: Title | E1: Type | F1: Priority | G1: Preconditions | H1: Test Steps | I1: Test Data | J1: Expected Result | K1: Actual Result | L1: Status | M1: Executed By | N1: Executed On | O1: Environment | P1: Automated | Q1: Automation Reference | R1: Defect ID
A2: LGN-001 | B2: Login | C2: Login modal | D2: Login modal opens from the header | E2: Functional | F2: P1 | G2: User is on the home page, logged out | H2: 1. Open https://www.demoblaze.com/ 2. Click 'Log in' in the header | I2: - | J2: The 'Log in' modal opens showing Username and Password fields, plus Close and Log in buttons | L2: Not Run | P2: Yes | Q2: tests/ui/login/login.spec.ts › logs in with valid credentials | R2: —
A3: LGN-002 | B3: Login | C3: Authentication | D3: Log in with valid credentials | E3: Functional | F3: P0 | G3: A registered account exists | H3: 1. Open the home page 2. Click 'Log in' 3. Enter a valid username 4. Enter the matching password 5. Click 'Log in' | I3: username: <valid user> password: <valid password> | J3: Modal closes, header shows 'Welcome <username>', 'Log out' is visible and 'Log in' / 'Sign up' are hidden | L3: Not Run | P3: Yes | Q3: tests/ui/login/login.spec.ts › logs in with valid credentials | R3: —
A4: LGN-003 | B4: Login | C4: Session | D4: Session persists across page navigation | E4: Functional | F4: P0 | G4: User is logged in | H4: 1. Log in on the home page 2. Navigate to the Cart page | I4: - | J4: The header still shows 'Welcome <username>' on the Cart page; the session is not lost on navigation | L4: Not Run | P4: Yes | Q4: tests/ui/login/login.spec.ts › keeps the session across navigation | R4: —
A5: LGN-004 | B5: Login | C5: Session | D5: Session persists after a page refresh | E5: Functional | F5: P1 | G5: User is logged in | H5: 1. Log in 2. Press F5 / reload the page | I5: - | J5: User remains logged in after the reload; 'Welcome <username>' is still displayed | L5: Not Run | P5: No | Q5: — | R5: —
A6: LGN-005 | B6: Login | C6: Session | D6: Log out returns the user to the anonymous state | E6: Functional | F6: P0 | G6: User is logged in | H6: 1. Click 'Log out' in the header | I6: - | J6: User is redirected to the home page; 'Log in' and 'Sign up' are visible, 'Log out' and the welcome label are hidden | L6: Not Run | P6: Yes | Q6: tests/ui/login/login.spec.ts › logs out and returns to the anonymous state | R6: —
A7: LGN-006 | B7: Login | C7: Session | D7: Cart page shows the anonymous state after log out | E7: Functional | F7: P1 | G7: User was logged in and has logged out | H7: 1. Log in 2. Log out 3. Navigate to the Cart page | I7: - | J7: The Cart page header shows 'Log in' / 'Sign up' and no welcome label | L7: Not Run | P7: No | Q7: — | R7: —
A8: LGN-007 | B8: Login | C8: Login modal | D8: Login is available from the Cart page | E8: Functional | F8: P2 | G8: User is logged out | H8: 1. Navigate to the Cart page 2. Click 'Log in' 3. Submit valid credentials | I8: username: <valid user> password: <valid password> | J8: Login succeeds and the Cart page reflects the authenticated state | L8: Not Run | P8: No | Q8: — | R8: —
A9: LGN-008 | B9: Login | C9: Login modal | D9: Login is available from a product page | E9: Functional | F9: P2 | G9: User is logged out | H9: 1. Open any product page 2. Click 'Log in' 3. Submit valid credentials | I9: username: <valid user> password: <valid password> | J9: Login succeeds without leaving the product page context | L9: Not Run | P9: Yes | Q9: tests/ui/cart/add-to-cart.spec.ts › does not carry an anonymous cart into the session after login | R9: —
A10: LGN-009 | B10: Login | C10: Login modal | D10: Modal can be dismissed with the Close button | E10: Functional | F10: P2 | G10: Login modal is open | H10: 1. Open the login modal 2. Click 'Close' | I10: - | J10: Modal closes, the user remains logged out and the page is still interactive | L10: Not Run | P10: No | Q10: — | R10: —
A11: LGN-010 | B11: Login | C11: Login modal | D11: Modal can be dismissed with the X control | E11: Functional | F11: P2 | G11: Login modal is open | H11: 1. Open the login modal 2. Click the X in the modal header | I11: - | J11: Modal closes and the user remains logged out | L11: Not Run | P11: No | Q11: — | R11: —
A12: LGN-011 | B12: Login | C12: Login modal | D12: Modal can be dismissed with the Escape key | E12: Functional | F12: P2 | G12: Login modal is open | H12: 1. Open the login modal 2. Press Escape | I12: - | J12: Modal closes and the user remains logged out | L12: Not Run | P12: No | Q12: — | R12: —
A13: LGN-012 | B13: Login | C13: Login modal | D13: Modal can be dismissed by clicking the backdrop | E13: Functional | F13: P2 | G13: Login modal is open | H13: 1. Open the login modal 2. Click outside the modal, on the backdrop | I13: - | J13: Modal closes and the user remains logged out | L13: Not Run | P13: No | Q13: — | R13: —
... A45: LGN-044 | B45: Login | C45: API | D45: Authentication failures are returned with HTTP 200 | E45: Negative | F45: P1 | G45: - | H45: 1. POST /login with a username that does not exist 2. Inspect the HTTP status and body | I45: {username: 'ghost_x', password: '<base64>'} | J45: Status is 200 with {errorMessage: 'User does not exist.'}. Pinned so any client relying on status codes is known to be at risk | L45: Not Run | P45: Yes | Q45: tests/api/auth.api.spec.ts › reports authentication failures at HTTP 200 | R45: —

Sheet Cart Test Cases
A1: Test Case ID | B1: Module | C1: Feature Area | D1: Title | E1: Type | F1: Priority | G1: Preconditions | H1: Test Steps | I1: Test Data | J1: Expected Result | K1: Actual Result | L1: Status | M1: Executed By | N1: Executed On | O1: Environment | P1: Automated | Q1: Automation Reference | R1: Defect ID
A2: CRT-001 | B2: Cart | C2: Add to cart | D2: Add a single product to the cart | E2: Functional | F2: P0 | G2: User is logged in | H2: 1. Open a product page 2. Click 'Add to cart' 3. Accept the confirmation alert 4. Open the Cart page | I2: product: Samsung galaxy s6 | J2: 'Product added.' is shown, and the Cart page lists one line for the product | L2: Not Run | P2: Yes | Q2: tests/ui/cart/add-to-cart.spec.ts › adds a product to the cart and shows it with the right price | R2: —
A3: CRT-002 | B3: Cart | C3: Add to cart | D3: Cart line price matches the product page price | E3: Functional | F3: P0 | G3: User is logged in | H3: 1. Note the price on the product page 2. Add the product to the cart 3. Open the Cart page | I3: product: Samsung galaxy s6 ($360) | J3: The cart line price equals the price shown on the product page and the value returned by the API | L3: Not Run | P3: Yes | Q3: tests/ui/cart/add-to-cart.spec.ts › adds a product to the cart and shows it with the right price | R3: —
A4: CRT-003 | B4: Cart | C4: Add to cart | D4: Multiple different products can be added | E4: Functional | F4: P0 | G4: User is logged in with an empty cart | H4: 1. Add a phone 2. Add a laptop 3. Add a monitor 4. Open the Cart page | I4: Samsung galaxy s6, Sony vaio i5, Apple monitor 24 | J4: The cart contains exactly three lines, one per product, each with the correct title and price | L4: Not Run | P4: Yes | Q4: tests/ui/cart/add-to-cart.spec.ts › sums multiple different products into the displayed total | R4: —
A5: CRT-004 | B5: Cart | C5: Totals | D5: Cart total equals the sum of the line prices | E5: Functional | F5: P0 | G5: Cart contains several products | H5: 1. Add three products 2. Open the Cart page 3. Compare the total against the sum of the visible lines | I5: 360 + 790 + 400 | J5: The displayed total equals 1550 and equals the arithmetic sum of the lines shown to the customer | L5: Not Run | P5: Yes | Q5: tests/ui/cart/add-to-cart.spec.ts › sums multiple different products into the displayed total | R5: —
A6: CRT-005 | B6: Cart | C6: Add to cart | D6: The same product can be added twice | E6: Edge case | F6: P1 | G6: User is logged in with an empty cart | H6: 1. Add the same product twice 2. Open the Cart page | I6: product: Samsung galaxy s6 x2 | J6: Two separate lines are shown (there is no quantity column) and the total is double the unit price | L6: Not Run | P6: Yes | Q6: tests/ui/cart/add-to-cart.spec.ts › allows the same product to be added twice as two lines | R6: —
A7: CRT-006 | B7: Cart | C7: Add to cart | D7: Products from every category can be added | E7: Functional | F7: P1 | G7: User is logged in | H7: 1. Filter by Phones and add a product 2. Filter by Laptops and add a product 3. Filter by Monitors and add a product | I7: one product per category | J7: All three are added successfully; category filtering does not affect the add-to-cart flow | L7: Not Run | P7: No | Q7: — | R7: —
A8: CRT-007 | B8: Cart | C8: Add to cart | D8: Confirmation wording differs when logged out | E8: Edge case | F8: P2 | G8: User is logged out | H8: 1. Open a product page while logged out 2. Click 'Add to cart' | I8: product: Samsung galaxy s6 | J8: The alert reads 'Product added' with no full stop, unlike the logged-in path's 'Product added.'. Inconsistent copy from two code paths — DEMO-9 | L8: Not Run | P8: Yes | Q8: tests/ui/cart/add-to-cart.spec.ts › does not carry an anonymous cart into the session after login | R8: DEMO-9
A9: CRT-008 | B9: Cart | C9: Add to cart | D9: An anonymous cart is not merged on login | E9: Edge case | F9: P1 | G9: User is logged out | H9: 1. Add a product while logged out 2. Log in with a registered account 3. Open the Cart page | I9: product: Samsung galaxy s6 | J9: The cart is empty — items added anonymously are silently discarded rather than merged into the account. Raised as DEMO-6 | L9: Not Run | P9: Yes | Q9: tests/ui/cart/add-to-cart.spec.ts › does not carry an anonymous cart into the session after login | R9: DEMO-6
A10: CRT-009 | B10: Cart | C10: Add to cart | D10: Add to cart remains usable after a successful add | E10: Functional | F10: P2 | G10: User is logged in on a product page | H10: 1. Add the product 2. Dismiss the alert 3. Observe the button | I10: - | J10: The 'Add to cart' link stays enabled and the page does not navigate away | L10: Not Run | P10: No | Q10: — | R10: —
A11: CRT-010 | B11: Cart | C11: Catalogue | D11: Product page price matches the catalogue listing | E11: Functional | F11: P1 | G11: - | H11: 1. Note the price on a catalogue card 2. Open that product's page | I11: product: Samsung galaxy s6 | J11: Both views show the same price — no disagreement between the list and detail sources | L11: Not Run | P11: Yes | Q11: tests/api/catalog.api.spec.ts › single-product view agrees with the list view | R11: —
A12: CRT-011 | B12: Cart | C12: Cart view | D12: A new account starts with an empty cart | E12: Functional | F12: P1 | G12: A newly registered account, logged in | H12: 1. Register a new account 2. Log in 3. Open the Cart page | I12: - | J12: No product lines are shown and the total is blank/zero | L12: Not Run | P12: Yes | Q12: tests/ui/cart/add-to-cart.spec.ts › shows an empty cart for a brand-new account | R12: —
A13: CRT-012 | B13: Cart | C13: Cart view | D13: Empty cart renders without errors | E13: Edge case | F13: P2 | G13: User is logged in with an empty cart | H13: 1. Open the Cart page | I13: - | J13: The table renders with headers only, the total is empty, 'Place Order' is present, and no console errors are raised | L13: Not Run | P13: Yes | Q13: tests/ui/cart/add-to-cart.spec.ts › shows an empty cart for a brand-new account | R13: —
... A64: CRT-059 | B64: Cart | C64: Invalid input | D64: Checkout is blocked or safe when the cart holds an unrenderable line | E64: Negative | F64: P1 | G64: A cart containing a phantom line (CRT-055) | H64: 1. Seed a phantom line 2. Open the Cart page and click 'Place Order' 3. Complete and submit the form | I64: {prod_id: 99999} + valid order details | J64: The receipt total must agree with what the customer was shown, and the order must not contain an item that cannot be fulfilled | L64: Not Run | P64: No | Q64: — | R64: DEMO-17

Sheet Defects
A1: Defect ID | B1: Area | C1: Severity | D1: Likelihood | E1: Status | F1: Summary | G1: Detail | H1: Test Case ID | I1: Pinned By
A2: DEMO-1 | B2: Checkout | C2: Medium | D2: Low | E2: Open | F2: Receipt date is one month early | G2: The receipt is built with Date.getMonth(), which is zero-indexed, so every order confirmation is dated one month in the past. | H2: CRT-044 | I2: tests/ui/cart/place-order.spec.ts › receipt shows the correct calendar month @bug
A3: DEMO-2 | B3: API | C3: High | D3: Medium | E3: Open | F3: POST /login returns HTTP 500 with an HTML body for an empty username | G3: An empty username is not validated server-side; the endpoint raises and returns an HTML error page. Any client calling response.json() receives an opaque SyntaxError instead of a handled rejection. | H3: LGN-025 | I3: tests/api/auth.api.spec.ts › rejects a login with an empty username @bug
A4: DEMO-3 | B4: Checkout | C4: High | D4: Medium | E4: Open | F4: An empty cart can be checked out for 0 USD | G4: Placing an order with no items in the cart succeeds and issues a real order id for a zero amount. Creates junk orders and a fulfilment ambiguity. | H4: CRT-039 | I4: tests/ui/cart/place-order.spec.ts › accepts an order for an empty cart at zero value
A5: DEMO-4 | B5: Checkout | C5: Medium | D5: High | E5: Open | F5: Order validation is presence-only | G5: Name and Credit card are checked for a non-empty string only. Whitespace-only names and non-numeric card numbers are accepted, and expiry values are never range-checked. | H5: CRT-037, CRT-038, CRT-040 | I5: tests/ui/cart/place-order.spec.ts › accepts a whitespace-only name / accepts a non-numeric credit card
A6: DEMO-5 | B6: Security | C6: Medium | D6: High | E6: Open | F6: Login error wording allows username enumeration | G6: 'Wrong password.' and 'User does not exist.' are distinguishable, letting an attacker confirm which usernames are registered before attempting credentials. | H6: LGN-031 | I6: tests/ui/login/login.negative.spec.ts › does not leak whether an account exists
A7: DEMO-6 | B7: Cart | C7: Low | D7: Medium | E7: Open | F7: Anonymous cart is discarded on login rather than merged | G7: Items added while logged out are silently lost when the user authenticates, so a customer who signs in to check out loses their basket. | H7: CRT-008 | I7: tests/ui/cart/add-to-cart.spec.ts › does not carry an anonymous cart into the session after login
A8: DEMO-7 | B8: Frontend | C8: Low | D8: Low | E8: Open | F8: Duplicate DOM ids on the category links | G8: The Phones, Laptops and Monitors links all use id='itemc'. Invalid HTML; breaks any id-based selector and assistive technology that relies on unique ids. | H8: CRT-049 | I8: Locator strategy in src/pages/home.page.ts
A9: DEMO-8 | B9: Data | C9: Low | D9: Low | E9: Open | F9: Product title contains a trailing newline | G9: The catalogue returns 'Sony vaio i7\n'. Leaks into search, display and any exact-match comparison. | H9: CRT-050 | I9: Trimmed comparison in src/api/demoblaze.client.ts
A10: DEMO-9 | B10: Frontend | C10: Low | D10: Low | E10: Open | F10: Inconsistent add-to-cart confirmation text | G10: 'Product added.' when logged in versus 'Product added' when logged out — two code paths with diverging copy. | H10: CRT-007 | I10: tests/ui/cart/add-to-cart.spec.ts › does not carry an anonymous cart into the session after login
A11: DEMO-10 | B11: Login | C11: Low | D11: High | E11: Open | F11: Enter key does not submit the login form | G11: The login modal binds no submit handler to the Enter key, so keyboard users must reach for the mouse. | H11: LGN-016 | I11: Manual
A12: DEMO-11 | B12: Security | C12: High | D12: Medium | E12: Open | F12: No rate limiting or lockout on failed logins | G12: Unlimited consecutive failed attempts are accepted with no delay, CAPTCHA or lockout, leaving accounts open to credential stuffing and brute force. | H12: LGN-032 | I12: Manual
... A19: DEMO-15 | B19: Checkout | C19: High | D19: Low | E19: Open | F19: Order confirmation is shown before the server confirms | G19: The receipt is rendered client-side without waiting for a successful server response, so a customer can be told an order succeeded when it did not. | H19: CRT-048 | I19: Manual
